"";"Site";"Site_short";"Altitude";"Horizon";"Zone_echantillonage";"rep_pcr";"EXTRACTION.CODE";"Milieu";"Code_plot";"X";"Gradient";"Carbon";"Nitrogen";"pH";"Organic_matter_2mm";"EEA_AG";"EEA_BG";"EEA_CB";"EEA_LAP";"EEA_XYL";"EEA_PHOS";"EEA_NAG";"Environment";"Alt_groups";"sample";"category";"site";"chlorophyceae_part";"dist_barycenter"
"ANT01_a";"ANTERNE";"ANT";1400;"LIT";"A";1;"ANT01";"Milieu forestier";"ANT_1400_LIT";1;"ANT";14,3479026133333;0,679911554;4,77;28,372606775;512,226666666667;3012,87666666667;496,536666666667;300,41;620,3;22416,8533333333;2606,59333333333;"Milieu forestier";1500;"ANT01_a";"sample";"ANT";0,190803019903912;0,515250132391888
"ANT02_b";"ANTERNE";"ANT";1400;"LIT";"B";2;"ANT02";"Milieu forestier";"ANT_1400_LIT";1;"ANT";14,3479026133333;0,679911554;4,77;28,372606775;512,226666666667;3012,87666666667;496,536666666667;300,41;620,3;22416,8533333333;2606,59333333333;"Milieu forestier";1500;"ANT02_b";"sample";"ANT";0,0368687935770125;0,68693154899926
"ANT04_b";"ANTERNE";"ANT";1400;"SOL";"A";4;"ANT04";"Milieu forestier";"ANT_1400_SOL";2;"ANT";4,26290607433333;0,315231124666667;4,7425;9,22129087533333;156,296666666667;411,743333333333;60,79;119,87;208,136666666667;4959,12666666667;326,443333333333;"Milieu forestier";1500;"ANT04_b";"sample";"ANT";0,326530612244898;0,575631234995422
"ANT04_c";"ANTERNE";"ANT";1400;"SOL";"A";4;"ANT04";"Milieu forestier";"ANT_1400_SOL";2;"ANT";4,26290607433333;0,315231124666667;4,7425;9,22129087533333;156,296666666667;411,743333333333;60,79;119,87;208,136666666667;4959,12666666667;326,443333333333;"Milieu forestier";1500;"ANT04_c";"sample";"ANT";0,0499149177538287;0,497597503578603
"ANT06_a";"ANTERNE";"ANT";1400;"SOL";"C";6;"ANT06";"Milieu forestier";"ANT_1400_SOL";2;"ANT";4,26290607433333;0,315231124666667;4,7425;9,22129087533333;156,296666666667;411,743333333333;60,79;119,87;208,136666666667;4959,12666666667;326,443333333333;"Milieu forestier";1500;"ANT06_a";"sample";"ANT";0,000439831104855735;0,674959023705692
"ANT13_a";"ANTERNE";"ANT";1750;"LIT";"A";13;"ANT13";"Milieu ouvert";"ANT_1750_LIT";5;"ANT";7,51916980733333;0,686040123333333;5,6;15,8003328166667;368,493333333333;3199,64333333333;710,273333333333;273,413333333333;547,98;6031,96;956,236666666667;"Milieu ouvert";2000;"ANT13_a";"sample";"ANT";0,169014084507042;0,617211786318101
"ANT13_b";"ANTERNE";"ANT";1750;"LIT";"A";13;"ANT13";"Milieu ouvert";"ANT_1750_LIT";5;"ANT";7,51916980733333;0,686040123333333;5,6;15,8003328166667;368,493333333333;3199,64333333333;710,273333333333;273,413333333333;547,98;6031,96;956,236666666667;"Milieu ouvert";2000;"ANT13_b";"sample";"ANT";0,160984848484848;0,583671178672491
"ANT13_c";"ANTERNE";"ANT";1750;"LIT";"A";13;"ANT13";"Milieu ouvert";"ANT_1750_LIT";5;"ANT";7,51916980733333;0,686040123333333;5,6;15,8003328166667;368,493333333333;3199,64333333333;710,273333333333;273,413333333333;547,98;6031,96;956,236666666667;"Milieu ouvert";2000;"ANT13_c";"sample";"ANT";0,0627002926013655;0,570028506547485
"ANT15_a";"ANTERNE";"ANT";1750;"LIT";"C";15;"ANT15";"Milieu ouvert";"ANT_1750_LIT";5;"ANT";7,51916980733333;0,686040123333333;5,6;15,8003328166667;368,493333333333;3199,64333333333;710,273333333333;273,413333333333;547,98;6031,96;956,236666666667;"Milieu ouvert";2000;"ANT15_a";"sample";"ANT";0,261450381679389;0,570185592136276
"ANT19_c";"ANTERNE";"ANT";2040;"LIT";"A";19;"ANT19";"Milieu ouvert";"ANT_2040_LIT";7;"ANT";12,69547208;0,867849648;4,27;27,6628094883333;656,843333333333;3174,04333333333;848,563333333333;416,16;2595,49333333333;20979,6266666667;1187,50333333333;"Milieu ouvert";2500;"ANT19_c";"sample";"ANT";0,141835518474374;0
"ANT20_a";"ANTERNE";"ANT";2040;"LIT";"B";20;"ANT20";"Milieu ouvert";"ANT_2040_LIT";7;"ANT";12,69547208;0,867849648;4,27;27,6628094883333;656,843333333333;3174,04333333333;848,563333333333;416,16;2595,49333333333;20979,6266666667;1187,50333333333;"Milieu ouvert";2500;"ANT20_a";"sample";"ANT";0,136239782016349;0
"ANT21_c";"ANTERNE";"ANT";2040;"LIT";"C";21;"ANT21";"Milieu ouvert";"ANT_2040_LIT";7;"ANT";12,69547208;0,867849648;4,27;27,6628094883333;656,843333333333;3174,04333333333;848,563333333333;416,16;2595,49333333333;20979,6266666667;1187,50333333333;"Milieu ouvert";2500;"ANT21_c";"sample";"ANT";0,189433962264151;0
"ANT24_c";"ANTERNE";"ANT";2040;"SOL";"C";24;"ANT24";"Milieu ouvert";"ANT_2040_SOL";8;"ANT";5,73309214933333;0,437751124;4,42666666666667;12,207907925;289,21;806,216666666667;143,713333333333;196,393333333333;712,636666666667;7699,41666666667;362,543333333333;"Milieu ouvert";2500;"ANT24_c";"sample";"ANT";0,145954962468724;0
"ANT26_a";"ANTERNE";"ANT";2200;"LIT";"B";26;"ANT26";"Milieu ouvert";"ANT_2200_LIT";9;"ANT";6,59934067733333;0,506246010333333;4,60333333333333;12,336253016;439,096666666667;2508,57;476,043333333333;265,993333333333;982,186666666667;11490,7533333333;1416,27;"Milieu ouvert";2500;"ANT26_a";"sample";"ANT";0,218181818181818;0,516257530763695
"ANT26_b";"ANTERNE";"ANT";2200;"LIT";"B";26;"ANT26";"Milieu ouvert";"ANT_2200_LIT";9;"ANT";6,59934067733333;0,506246010333333;4,60333333333333;12,336253016;439,096666666667;2508,57;476,043333333333;265,993333333333;982,186666666667;11490,7533333333;1416,27;"Milieu ouvert";2500;"ANT26_b";"sample";"ANT";0,0301460197833255;0,516257530763695
"ANT27_c";"ANTERNE";"ANT";2200;"LIT";"C";27;"ANT27";"Milieu ouvert";"ANT_2200_LIT";9;"ANT";6,59934067733333;0,506246010333333;4,60333333333333;12,336253016;439,096666666667;2508,57;476,043333333333;265,993333333333;982,186666666667;11490,7533333333;1416,27;"Milieu ouvert";2500;"ANT27_c";"sample";"ANT";0,243198680956307;0
"ANT29_b";"ANTERNE";"ANT";2200;"SOL";"B";29;"ANT29";"Milieu ouvert";"ANT_2200_SOL";10;"ANT";2,95948441833333;0,289983620333333;4,71;6,5543370294;246,426666666667;507,89;82,4066666666667;142,456666666667;296,153333333333;3091,44;385,343333333333;"Milieu ouvert";2500;"ANT29_b";"sample";"ANT";0,157388316151203;0,653072637992074
"ANT31_a";"ANTERNE";"ANT";2370;"LIT";"A";31;"ANT31";"Milieu ouvert";"ANT_2370_LIT";11;"ANT";3,54701693866667;0,286547134333333;5,23333333333333;8,45627145183333;168,1;1197,81666666667;201,4;120,473333333333;370,646666666667;3808,25666666667;690,33;"Milieu ouvert";2500;"ANT31_a";"sample";"ANT";0,121367521367521;0,581544781308612
"ANT31_c";"ANTERNE";"ANT";2370;"LIT";"A";31;"ANT31";"Milieu ouvert";"ANT_2370_LIT";11;"ANT";3,54701693866667;0,286547134333333;5,23333333333333;8,45627145183333;168,1;1197,81666666667;201,4;120,473333333333;370,646666666667;3808,25666666667;690,33;"Milieu ouvert";2500;"ANT31_c";"sample";"ANT";0,0695517774343122;0,647154846211845
"ANT32_a";"ANTERNE";"ANT";2370;"LIT";"B";32;"ANT32";"Milieu ouvert";"ANT_2370_LIT";11;"ANT";3,54701693866667;0,286547134333333;5,23333333333333;8,45627145183333;168,1;1197,81666666667;201,4;120,473333333333;370,646666666667;3808,25666666667;690,33;"Milieu ouvert";2500;"ANT32_a";"sample";"ANT";0,236084828711256;0,572249478216853
"ANT32_b";"ANTERNE";"ANT";2370;"LIT";"B";32;"ANT32";"Milieu ouvert";"ANT_2370_LIT";11;"ANT";3,54701693866667;0,286547134333333;5,23333333333333;8,45627145183333;168,1;1197,81666666667;201,4;120,473333333333;370,646666666667;3808,25666666667;690,33;"Milieu ouvert";2500;"ANT32_b";"sample";"ANT";0,0840567435951726;0,488402786102303
"ANT32_c";"ANTERNE";"ANT";2370;"LIT";"B";32;"ANT32";"Milieu ouvert";"ANT_2370_LIT";11;"ANT";3,54701693866667;0,286547134333333;5,23333333333333;8,45627145183333;168,1;1197,81666666667;201,4;120,473333333333;370,646666666667;3808,25666666667;690,33;"Milieu ouvert";2500;"ANT32_c";"sample";"ANT";0,16198347107438;0,438240816206543
"ANT33_a";"ANTERNE";"ANT";2370;"LIT";"C";33;"ANT33";"Milieu ouvert";"ANT_2370_LIT";11;"ANT";3,54701693866667;0,286547134333333;5,23333333333333;8,45627145183333;168,1;1197,81666666667;201,4;120,473333333333;370,646666666667;3808,25666666667;690,33;"Milieu ouvert";2500;"ANT33_a";"sample";"ANT";0,0366915422885572;0,465155365211877
"ANT33_b";"ANTERNE";"ANT";2370;"LIT";"C";33;"ANT33";"Milieu ouvert";"ANT_2370_LIT";11;"ANT";3,54701693866667;0,286547134333333;5,23333333333333;8,45627145183333;168,1;1197,81666666667;201,4;120,473333333333;370,646666666667;3808,25666666667;690,33;"Milieu ouvert";2500;"ANT33_b";"sample";"ANT";0,0920524972657674;0,465155365211877
"ANT34_a";"ANTERNE";"ANT";2370;"SOL";"A";34;"ANT34";"Milieu ouvert";"ANT_2370_SOL";12;"ANT";1,32113087166667;0,152959334333333;5,09;5,276675898;47;271,996666666667;25,98;50,5933333333333;105,306666666667;1053,21333333333;199,92;"Milieu ouvert";2500;"ANT34_a";"sample";"ANT";0,000441735135612687;0,676230707532848
"CHA01_c";"CHAMROUSSE";"CHA";1250;"LIT";"A";1;"CHA01";"Milieu forestier";"CHA_1250_LIT";13;"CHA";9,20607630466667;0,620745420333333;5,06;16,9970209866667;7,16666666666667;588,103333333333;104,73;306,583333333333;145,87;4593,30666666667;538,74;"Milieu forestier";1500;"CHA01_c";"sample";"CHA";0,0397614314115308;0,47490099569228
"CHA06_a";"CHAMROUSSE";"CHA";1250;"SOL";"C";6;"CHA06";"Milieu forestier";"CHA_1250_SOL";14;"CHA";6,41480191566667;0,488991846666667;5,3;11,94807311;8,69666666666667;347,176666666667;60,5766666666667;190,98;101,233333333333;3190,69666666667;253,74;"Milieu forestier";1500;"CHA06_a";"sample";"CHA";0,0796228391828182;0,656136501860285
"CHA06_b";"CHAMROUSSE";"CHA";1250;"SOL";"C";6;"CHA06";"Milieu forestier";"CHA_1250_SOL";14;"CHA";6,41480191566667;0,488991846666667;5,3;11,94807311;8,69666666666667;347,176666666667;60,5766666666667;190,98;101,233333333333;3190,69666666667;253,74;"Milieu forestier";1500;"CHA06_b";"sample";"CHA";0,0929368029739777;0,61576074151006
"CHA07_b";"CHAMROUSSE";"CHA";1470;"LIT";"A";7;"CHA07";"Milieu forestier";"CHA_1470_LIT";15;"CHA";14,8978862766667;0,798113783;4,74333333333333;28,1482645;6,25;985,213333333333;116,846666666667;246,83;192,993333333333;10013,02;496,896666666667;"Milieu forestier";1500;"CHA07_b";"sample";"CHA";0,0442076904237081;0,478272306849444
"CHA07_c";"CHAMROUSSE";"CHA";1470;"LIT";"A";7;"CHA07";"Milieu forestier";"CHA_1470_LIT";15;"CHA";14,8978862766667;0,798113783;4,74333333333333;28,1482645;6,25;985,213333333333;116,846666666667;246,83;192,993333333333;10013,02;496,896666666667;"Milieu forestier";1500;"CHA07_c";"sample";"CHA";0,0106767009300049;0,687496914790011
"CHA08_a";"CHAMROUSSE";"CHA";1470;"LIT";"B";8;"CHA08";"Milieu forestier";"CHA_1470_LIT";15;"CHA";14,8978862766667;0,798113783;4,74333333333333;28,1482645;6,25;985,213333333333;116,846666666667;246,83;192,993333333333;10013,02;496,896666666667;"Milieu forestier";1500;"CHA08_a";"sample";"CHA";0,0195156014554008;0,411053305391456
"CHA09_a";"CHAMROUSSE";"CHA";1470;"LIT";"C";9;"CHA09";"Milieu forestier";"CHA_1470_LIT";15;"CHA";14,8978862766667;0,798113783;4,74333333333333;28,1482645;6,25;985,213333333333;116,846666666667;246,83;192,993333333333;10013,02;496,896666666667;"Milieu forestier";1500;"CHA09_a";"sample";"CHA";0,014460511679644;0,461403569421725
"CHA09_b";"CHAMROUSSE";"CHA";1470;"LIT";"C";9;"CHA09";"Milieu forestier";"CHA_1470_LIT";15;"CHA";14,8978862766667;0,798113783;4,74333333333333;28,1482645;6,25;985,213333333333;116,846666666667;246,83;192,993333333333;10013,02;496,896666666667;"Milieu forestier";1500;"CHA09_b";"sample";"CHA";0,155637492722686;0,476302349653553
"CHA09_c";"CHAMROUSSE";"CHA";1470;"LIT";"C";9;"CHA09";"Milieu forestier";"CHA_1470_LIT";15;"CHA";14,8978862766667;0,798113783;4,74333333333333;28,1482645;6,25;985,213333333333;116,846666666667;246,83;192,993333333333;10013,02;496,896666666667;"Milieu forestier";1500;"CHA09_c";"sample";"CHA";0,0308561495002173;0,633611596499198
"CHA13_a";"CHAMROUSSE";"CHA";1710;"LIT";"A";13;"CHA13";"Milieu forestier";"CHA_1710_LIT";17;"CHA";29,51425934;1,213865697;4,50666666666667;56,3556778166667;94,6;4829,76666666667;1086,47;465,283333333333;880,573333333333;28366,07;2044,97666666667;"Milieu forestier";2000;"CHA13_a";"sample";"CHA";0,067949038221334;0,510782076164786
"CHA13_c";"CHAMROUSSE";"CHA";1710;"LIT";"A";13;"CHA13";"Milieu forestier";"CHA_1710_LIT";17;"CHA";29,51425934;1,213865697;4,50666666666667;56,3556778166667;94,6;4829,76666666667;1086,47;465,283333333333;880,573333333333;28366,07;2044,97666666667;"Milieu forestier";2000;"CHA13_c";"sample";"CHA";0,0191919191919192;0,389094034959183
"CHA16_a";"CHAMROUSSE";"CHA";1710;"SOL";"A";16;"CHA16";"Milieu forestier";"CHA_1710_SOL";18;"CHA";18,8421786633333;0,887111683666667;4,48333333333333;36,6092340566667;0;1042,28333333333;107,656666666667;196,286666666667;274,816666666667;16021,88;618,97;"Milieu forestier";2000;"CHA16_a";"sample";"CHA";0,00287047003946896;0,442806259083052
"CHA16_b";"CHAMROUSSE";"CHA";1710;"SOL";"A";16;"CHA16";"Milieu forestier";"CHA_1710_SOL";18;"CHA";18,8421786633333;0,887111683666667;4,48333333333333;36,6092340566667;0;1042,28333333333;107,656666666667;196,286666666667;274,816666666667;16021,88;618,97;"Milieu forestier";2000;"CHA16_b";"sample";"CHA";0,0420792079207921;0,387288056315802
"CHA18_a";"CHAMROUSSE";"CHA";1710;"SOL";"C";18;"CHA18";"Milieu forestier";"CHA_1710_SOL";18;"CHA";18,8421786633333;0,887111683666667;4,48333333333333;36,6092340566667;0;1042,28333333333;107,656666666667;196,286666666667;274,816666666667;16021,88;618,97;"Milieu forestier";2000;"CHA18_a";"sample";"CHA";0,0253729048131632;0,448731577619147
"CHA18_c";"CHAMROUSSE";"CHA";1710;"SOL";"C";18;"CHA18";"Milieu forestier";"CHA_1710_SOL";18;"CHA";18,8421786633333;0,887111683666667;4,48333333333333;36,6092340566667;0;1042,28333333333;107,656666666667;196,286666666667;274,816666666667;16021,88;618,97;"Milieu forestier";2000;"CHA18_c";"sample";"CHA";0,0932203389830508;0,664657291231936
"CHA19_a";"CHAMROUSSE";"CHA";1890;"LIT";"A";19;"CHA19";"Milieu forestier";"CHA_1890_LIT";19;"CHA";12,353866578;0,744997600666667;4,99333333333333;24,0010330366667;5,49;1323,10333333333;227,876666666667;312,22;314,383333333333;6553,82;639,31;"Milieu forestier";2000;"CHA19_a";"sample";"CHA";0,0148138350638185;0,424989205908765
"CHA19_b";"CHAMROUSSE";"CHA";1890;"LIT";"A";19;"CHA19";"Milieu forestier";"CHA_1890_LIT";19;"CHA";12,353866578;0,744997600666667;4,99333333333333;24,0010330366667;5,49;1323,10333333333;227,876666666667;312,22;314,383333333333;6553,82;639,31;"Milieu forestier";2000;"CHA19_b";"sample";"CHA";0,0456341618865519;0,382692637393808
"CHA19_c";"CHAMROUSSE";"CHA";1890;"LIT";"A";19;"CHA19";"Milieu forestier";"CHA_1890_LIT";19;"CHA";12,353866578;0,744997600666667;4,99333333333333;24,0010330366667;5,49;1323,10333333333;227,876666666667;312,22;314,383333333333;6553,82;639,31;"Milieu forestier";2000;"CHA19_c";"sample";"CHA";0,0855210819411297;0,445399790212705
"CHA20_a";"CHAMROUSSE";"CHA";1890;"LIT";"B";20;"CHA20";"Milieu forestier";"CHA_1890_LIT";19;"CHA";12,353866578;0,744997600666667;4,99333333333333;24,0010330366667;5,49;1323,10333333333;227,876666666667;312,22;314,383333333333;6553,82;639,31;"Milieu forestier";2000;"CHA20_a";"sample";"CHA";0,11165206101915;0,368743431191763
"CHA20_b";"CHAMROUSSE";"CHA";1890;"LIT";"B";20;"CHA20";"Milieu forestier";"CHA_1890_LIT";19;"CHA";12,353866578;0,744997600666667;4,99333333333333;24,0010330366667;5,49;1323,10333333333;227,876666666667;312,22;314,383333333333;6553,82;639,31;"Milieu forestier";2000;"CHA20_b";"sample";"CHA";0,120317670416942;0,328202943186594
"CHA20_c";"CHAMROUSSE";"CHA";1890;"LIT";"B";20;"CHA20";"Milieu forestier";"CHA_1890_LIT";19;"CHA";12,353866578;0,744997600666667;4,99333333333333;24,0010330366667;5,49;1323,10333333333;227,876666666667;312,22;314,383333333333;6553,82;639,31;"Milieu forestier";2000;"CHA20_c";"sample";"CHA";0,210220673635308;0,417611596827562
"CHA21_a";"CHAMROUSSE";"CHA";1890;"LIT";"C";21;"CHA21";"Milieu forestier";"CHA_1890_LIT";19;"CHA";12,353866578;0,744997600666667;4,99333333333333;24,0010330366667;5,49;1323,10333333333;227,876666666667;312,22;314,383333333333;6553,82;639,31;"Milieu forestier";2000;"CHA21_a";"sample";"CHA";0,0300707547169811;0,570149026127947
"CHA21_b";"CHAMROUSSE";"CHA";1890;"LIT";"C";21;"CHA21";"Milieu forestier";"CHA_1890_LIT";19;"CHA";12,353866578;0,744997600666667;4,99333333333333;24,0010330366667;5,49;1323,10333333333;227,876666666667;312,22;314,383333333333;6553,82;639,31;"Milieu forestier";2000;"CHA21_b";"sample";"CHA";0,0946664640632123;0,501910681333153
"CHA21_c";"CHAMROUSSE";"CHA";1890;"LIT";"C";21;"CHA21";"Milieu forestier";"CHA_1890_LIT";19;"CHA";12,353866578;0,744997600666667;4,99333333333333;24,0010330366667;5,49;1323,10333333333;227,876666666667;312,22;314,383333333333;6553,82;639,31;"Milieu forestier";2000;"CHA21_c";"sample";"CHA";0,0258922323303009;0,476954275406951
"CHA22_a";"CHAMROUSSE";"CHA";1890;"SOL";"A";22;"CHA22";"Milieu forestier";"CHA_1890_SOL";20;"CHA";9,913384119;0,644944449333333;5,13333333333333;17,71114423;67,6;1088,80333333333;165,22;205,43;258,946666666667;5542,40666666667;564,373333333333;"Milieu forestier";2000;"CHA22_a";"sample";"CHA";0,0245400525654211;0,445494444841229
"CHA22_b";"CHAMROUSSE";"CHA";1890;"SOL";"A";22;"CHA22";"Milieu forestier";"CHA_1890_SOL";20;"CHA";9,913384119;0,644944449333333;5,13333333333333;17,71114423;67,6;1088,80333333333;165,22;205,43;258,946666666667;5542,40666666667;564,373333333333;"Milieu forestier";2000;"CHA22_b";"sample";"CHA";0,0215904480380224;0,410036900573636
"CHA22_c";"CHAMROUSSE";"CHA";1890;"SOL";"A";22;"CHA22";"Milieu forestier";"CHA_1890_SOL";20;"CHA";9,913384119;0,644944449333333;5,13333333333333;17,71114423;67,6;1088,80333333333;165,22;205,43;258,946666666667;5542,40666666667;564,373333333333;"Milieu forestier";2000;"CHA22_c";"sample";"CHA";0,0415561450044209;0,578489803527832
"CHA23_a";"CHAMROUSSE";"CHA";1890;"SOL";"B";23;"CHA23";"Milieu forestier";"CHA_1890_SOL";20;"CHA";9,913384119;0,644944449333333;5,13333333333333;17,71114423;67,6;1088,80333333333;165,22;205,43;258,946666666667;5542,40666666667;564,373333333333;"Milieu forestier";2000;"CHA23_a";"sample";"CHA";0,24088027747877;0,298587849973554
"CHA23_b";"CHAMROUSSE";"CHA";1890;"SOL";"B";23;"CHA23";"Milieu forestier";"CHA_1890_SOL";20;"CHA";9,913384119;0,644944449333333;5,13333333333333;17,71114423;67,6;1088,80333333333;165,22;205,43;258,946666666667;5542,40666666667;564,373333333333;"Milieu forestier";2000;"CHA23_b";"sample";"CHA";0,446825523748601;0,298587849973554
"CHA25_a";"CHAMROUSSE";"CHA";2020;"LIT";"A";25;"CHA25";"Milieu ouvert";"CHA_2020_LIT";21;"CHA";13,132443746;0,798998753333333;5,68;25,48992815;24,0533333333333;1430,42666666667;261,403333333333;367,876666666667;352,206666666667;6937,95;701,346666666667;"Milieu ouvert";2500;"CHA25_a";"sample";"CHA";0,0577164366373902;0,38138220818495
"CHA25_b";"CHAMROUSSE";"CHA";2020;"LIT";"A";25;"CHA25";"Milieu ouvert";"CHA_2020_LIT";21;"CHA";13,132443746;0,798998753333333;5,68;25,48992815;24,0533333333333;1430,42666666667;261,403333333333;367,876666666667;352,206666666667;6937,95;701,346666666667;"Milieu ouvert";2500;"CHA25_b";"sample";"CHA";0,0667071412309327;0,373709283560824
"CHA25_c";"CHAMROUSSE";"CHA";2020;"LIT";"A";25;"CHA25";"Milieu ouvert";"CHA_2020_LIT";21;"CHA";13,132443746;0,798998753333333;5,68;25,48992815;24,0533333333333;1430,42666666667;261,403333333333;367,876666666667;352,206666666667;6937,95;701,346666666667;"Milieu ouvert";2500;"CHA25_c";"sample";"CHA";0,115018315018315;0,410379709313475
"CHA26_a";"CHAMROUSSE";"CHA";2020;"LIT";"B";26;"CHA26";"Milieu ouvert";"CHA_2020_LIT";21;"CHA";13,132443746;0,798998753333333;5,68;25,48992815;24,0533333333333;1430,42666666667;261,403333333333;367,876666666667;352,206666666667;6937,95;701,346666666667;"Milieu ouvert";2500;"CHA26_a";"sample";"CHA";0,0839735099337748;0,363012047370777
"CHA26_b";"CHAMROUSSE";"CHA";2020;"LIT";"B";26;"CHA26";"Milieu ouvert";"CHA_2020_LIT";21;"CHA";13,132443746;0,798998753333333;5,68;25,48992815;24,0533333333333;1430,42666666667;261,403333333333;367,876666666667;352,206666666667;6937,95;701,346666666667;"Milieu ouvert";2500;"CHA26_b";"sample";"CHA";0,130192598187311;0,383380495827304
"CHA26_c";"CHAMROUSSE";"CHA";2020;"LIT";"B";26;"CHA26";"Milieu ouvert";"CHA_2020_LIT";21;"CHA";13,132443746;0,798998753333333;5,68;25,48992815;24,0533333333333;1430,42666666667;261,403333333333;367,876666666667;352,206666666667;6937,95;701,346666666667;"Milieu ouvert";2500;"CHA26_c";"sample";"CHA";0,14097272074659;0,362432609714817
"CHA27_a";"CHAMROUSSE";"CHA";2020;"LIT";"C";27;"CHA27";"Milieu ouvert";"CHA_2020_LIT";21;"CHA";13,132443746;0,798998753333333;5,68;25,48992815;24,0533333333333;1430,42666666667;261,403333333333;367,876666666667;352,206666666667;6937,95;701,346666666667;"Milieu ouvert";2500;"CHA27_a";"sample";"CHA";0,0838667716427618;0,403324437834682
"CHA27_c";"CHAMROUSSE";"CHA";2020;"LIT";"C";27;"CHA27";"Milieu ouvert";"CHA_2020_LIT";21;"CHA";13,132443746;0,798998753333333;5,68;25,48992815;24,0533333333333;1430,42666666667;261,403333333333;367,876666666667;352,206666666667;6937,95;701,346666666667;"Milieu ouvert";2500;"CHA27_c";"sample";"CHA";0,0833614579817752;0,403324437834682
"CHA28_a";"CHAMROUSSE";"CHA";2020;"SOL";"A";28;"CHA28";"Milieu ouvert";"CHA_2020_SOL";22;"CHA";8,57298215266667;0,622007429333333;5,59;17,2047546;71,69;1108,90333333333;174,466666666667;225,296666666667;268,736666666667;5627,50666666667;577,5;"Milieu ouvert";2500;"CHA28_a";"sample";"CHA";0,016049194269391;0,588805199974249
"CHA28_b";"CHAMROUSSE";"CHA";2020;"SOL";"A";28;"CHA28";"Milieu ouvert";"CHA_2020_SOL";22;"CHA";8,57298215266667;0,622007429333333;5,59;17,2047546;71,69;1108,90333333333;174,466666666667;225,296666666667;268,736666666667;5627,50666666667;577,5;"Milieu ouvert";2500;"CHA28_b";"sample";"CHA";0,00343574868343237;0,532293283718657
"CHA28_c";"CHAMROUSSE";"CHA";2020;"SOL";"A";28;"CHA28";"Milieu ouvert";"CHA_2020_SOL";22;"CHA";8,57298215266667;0,622007429333333;5,59;17,2047546;71,69;1108,90333333333;174,466666666667;225,296666666667;268,736666666667;5627,50666666667;577,5;"Milieu ouvert";2500;"CHA28_c";"sample";"CHA";0,0353587528174305;0,398570709129901
"CHA29_a";"CHAMROUSSE";"CHA";2020;"SOL";"B";29;"CHA29";"Milieu ouvert";"CHA_2020_SOL";22;"CHA";8,57298215266667;0,622007429333333;5,59;17,2047546;71,69;1108,90333333333;174,466666666667;225,296666666667;268,736666666667;5627,50666666667;577,5;"Milieu ouvert";2500;"CHA29_a";"sample";"CHA";0,0383723515771418;0,617192206540123
"CHA29_b";"CHAMROUSSE";"CHA";2020;"SOL";"B";29;"CHA29";"Milieu ouvert";"CHA_2020_SOL";22;"CHA";8,57298215266667;0,622007429333333;5,59;17,2047546;71,69;1108,90333333333;174,466666666667;225,296666666667;268,736666666667;5627,50666666667;577,5;"Milieu ouvert";2500;"CHA29_b";"sample";"CHA";0,0222378689197911;0,420963314076487
"CHA30_a";"CHAMROUSSE";"CHA";2020;"SOL";"C";30;"CHA30";"Milieu ouvert";"CHA_2020_SOL";22;"CHA";8,57298215266667;0,622007429333333;5,59;17,2047546;71,69;1108,90333333333;174,466666666667;225,296666666667;268,736666666667;5627,50666666667;577,5;"Milieu ouvert";2500;"CHA30_a";"sample";"CHA";0,0484609841465925;0,567217316245663
"CHA30_b";"CHAMROUSSE";"CHA";2020;"SOL";"C";30;"CHA30";"Milieu ouvert";"CHA_2020_SOL";22;"CHA";8,57298215266667;0,622007429333333;5,59;17,2047546;71,69;1108,90333333333;174,466666666667;225,296666666667;268,736666666667;5627,50666666667;577,5;"Milieu ouvert";2500;"CHA30_b";"sample";"CHA";0,0385004496402878;0,431015904220365
"CHA30_c";"CHAMROUSSE";"CHA";2020;"SOL";"C";30;"CHA30";"Milieu ouvert";"CHA_2020_SOL";22;"CHA";8,57298215266667;0,622007429333333;5,59;17,2047546;71,69;1108,90333333333;174,466666666667;225,296666666667;268,736666666667;5627,50666666667;577,5;"Milieu ouvert";2500;"CHA30_c";"sample";"CHA";0,0567685589519651;0,380511546876827
"CHA31_a";"CHAMROUSSE";"CHA";2180;"LIT";"A";31;"CHA31";"Milieu ouvert";"CHA_2180_LIT";23;"CHA";5,959133307;0,452783982;6,27333333333333;11,3288105373333;113,296666666667;1339,25666666667;344,413333333333;438,513333333333;295,99;3358,59333333333;396,286666666667;"Milieu ouvert";2500;"CHA31_a";"sample";"CHA";0,100109284367532;0,417539355458387
"CHA31_b";"CHAMROUSSE";"CHA";2180;"LIT";"A";31;"CHA31";"Milieu ouvert";"CHA_2180_LIT";23;"CHA";5,959133307;0,452783982;6,27333333333333;11,3288105373333;113,296666666667;1339,25666666667;344,413333333333;438,513333333333;295,99;3358,59333333333;396,286666666667;"Milieu ouvert";2500;"CHA31_b";"sample";"CHA";0,183852679142333;0,368614137533867
"CHA31_c";"CHAMROUSSE";"CHA";2180;"LIT";"A";31;"CHA31";"Milieu ouvert";"CHA_2180_LIT";23;"CHA";5,959133307;0,452783982;6,27333333333333;11,3288105373333;113,296666666667;1339,25666666667;344,413333333333;438,513333333333;295,99;3358,59333333333;396,286666666667;"Milieu ouvert";2500;"CHA31_c";"sample";"CHA";0,0520803849419757;0,384215779540744
"CHA32_a";"CHAMROUSSE";"CHA";2180;"LIT";"B";32;"CHA32";"Milieu ouvert";"CHA_2180_LIT";23;"CHA";5,959133307;0,452783982;6,27333333333333;11,3288105373333;113,296666666667;1339,25666666667;344,413333333333;438,513333333333;295,99;3358,59333333333;396,286666666667;"Milieu ouvert";2500;"CHA32_a";"sample";"CHA";0,187749066844582;0,597344013716063
"CHA32_b";"CHAMROUSSE";"CHA";2180;"LIT";"B";32;"CHA32";"Milieu ouvert";"CHA_2180_LIT";23;"CHA";5,959133307;0,452783982;6,27333333333333;11,3288105373333;113,296666666667;1339,25666666667;344,413333333333;438,513333333333;295,99;3358,59333333333;396,286666666667;"Milieu ouvert";2500;"CHA32_b";"sample";"CHA";0,172279691996578;0,35490714666126
"CHA32_c";"CHAMROUSSE";"CHA";2180;"LIT";"B";32;"CHA32";"Milieu ouvert";"CHA_2180_LIT";23;"CHA";5,959133307;0,452783982;6,27333333333333;11,3288105373333;113,296666666667;1339,25666666667;344,413333333333;438,513333333333;295,99;3358,59333333333;396,286666666667;"Milieu ouvert";2500;"CHA32_c";"sample";"CHA";0,0575768197219301;0,466024329622
"CHA33_a";"CHAMROUSSE";"CHA";2180;"LIT";"C";33;"CHA33";"Milieu ouvert";"CHA_2180_LIT";23;"CHA";5,959133307;0,452783982;6,27333333333333;11,3288105373333;113,296666666667;1339,25666666667;344,413333333333;438,513333333333;295,99;3358,59333333333;396,286666666667;"Milieu ouvert";2500;"CHA33_a";"sample";"CHA";0,166739606126915;0,419276724534457
"CHA33_b";"CHAMROUSSE";"CHA";2180;"LIT";"C";33;"CHA33";"Milieu ouvert";"CHA_2180_LIT";23;"CHA";5,959133307;0,452783982;6,27333333333333;11,3288105373333;113,296666666667;1339,25666666667;344,413333333333;438,513333333333;295,99;3358,59333333333;396,286666666667;"Milieu ouvert";2500;"CHA33_b";"sample";"CHA";0,0691311842153519;0,333146066840076
"CHA33_c";"CHAMROUSSE";"CHA";2180;"LIT";"C";33;"CHA33";"Milieu ouvert";"CHA_2180_LIT";23;"CHA";5,959133307;0,452783982;6,27333333333333;11,3288105373333;113,296666666667;1339,25666666667;344,413333333333;438,513333333333;295,99;3358,59333333333;396,286666666667;"Milieu ouvert";2500;"CHA33_c";"sample";"CHA";0,0655846377555385;0,283783049280439
"CHA34_a";"CHAMROUSSE";"CHA";2180;"SOL";"A";34;"CHA34";"Milieu ouvert";"CHA_2180_SOL";24;"CHA";4,853587707;0,381557007666667;6,23333333333333;10,8032137686667;114,66;1029,01666666667;226,936666666667;436,653333333333;255,68;2864,73666666667;328,756666666667;"Milieu ouvert";2500;"CHA34_a";"sample";"CHA";0,11036036036036;0,458997864664088
"CHA34_b";"CHAMROUSSE";"CHA";2180;"SOL";"A";34;"CHA34";"Milieu ouvert";"CHA_2180_SOL";24;"CHA";4,853587707;0,381557007666667;6,23333333333333;10,8032137686667;114,66;1029,01666666667;226,936666666667;436,653333333333;255,68;2864,73666666667;328,756666666667;"Milieu ouvert";2500;"CHA34_b";"sample";"CHA";0,0395503746877602;0,483471576379673
"CHA34_c";"CHAMROUSSE";"CHA";2180;"SOL";"A";34;"CHA34";"Milieu ouvert";"CHA_2180_SOL";24;"CHA";4,853587707;0,381557007666667;6,23333333333333;10,8032137686667;114,66;1029,01666666667;226,936666666667;436,653333333333;255,68;2864,73666666667;328,756666666667;"Milieu ouvert";2500;"CHA34_c";"sample";"CHA";0,0658641738165365;0,417966659433103
"CHA35_a";"CHAMROUSSE";"CHA";2180;"SOL";"B";35;"CHA35";"Milieu ouvert";"CHA_2180_SOL";24;"CHA";4,853587707;0,381557007666667;6,23333333333333;10,8032137686667;114,66;1029,01666666667;226,936666666667;436,653333333333;255,68;2864,73666666667;328,756666666667;"Milieu ouvert";2500;"CHA35_a";"sample";"CHA";0,0502540937323546;0,516572562357858
"CHA35_b";"CHAMROUSSE";"CHA";2180;"SOL";"B";35;"CHA35";"Milieu ouvert";"CHA_2180_SOL";24;"CHA";4,853587707;0,381557007666667;6,23333333333333;10,8032137686667;114,66;1029,01666666667;226,936666666667;436,653333333333;255,68;2864,73666666667;328,756666666667;"Milieu ouvert";2500;"CHA35_b";"sample";"CHA";0,139214476660498;0,540458895430344
"CHA35_c";"CHAMROUSSE";"CHA";2180;"SOL";"B";35;"CHA35";"Milieu ouvert";"CHA_2180_SOL";24;"CHA";4,853587707;0,381557007666667;6,23333333333333;10,8032137686667;114,66;1029,01666666667;226,936666666667;436,653333333333;255,68;2864,73666666667;328,756666666667;"Milieu ouvert";2500;"CHA35_c";"sample";"CHA";0,0642291116363131;0,485531000684384
"CHA36_a";"CHAMROUSSE";"CHA";2180;"SOL";"C";36;"CHA36";"Milieu ouvert";"CHA_2180_SOL";24;"CHA";4,853587707;0,381557007666667;6,23333333333333;10,8032137686667;114,66;1029,01666666667;226,936666666667;436,653333333333;255,68;2864,73666666667;328,756666666667;"Milieu ouvert";2500;"CHA36_a";"sample";"CHA";0,211904761904762;0,40057087175007
"CHA36_b";"CHAMROUSSE";"CHA";2180;"SOL";"C";36;"CHA36";"Milieu ouvert";"CHA_2180_SOL";24;"CHA";4,853587707;0,381557007666667;6,23333333333333;10,8032137686667;114,66;1029,01666666667;226,936666666667;436,653333333333;255,68;2864,73666666667;328,756666666667;"Milieu ouvert";2500;"CHA36_b";"sample";"CHA";0,128032928942808;0,331144013756157
"CHA36_c";"CHAMROUSSE";"CHA";2180;"SOL";"C";36;"CHA36";"Milieu ouvert";"CHA_2180_SOL";24;"CHA";4,853587707;0,381557007666667;6,23333333333333;10,8032137686667;114,66;1029,01666666667;226,936666666667;436,653333333333;255,68;2864,73666666667;328,756666666667;"Milieu ouvert";2500;"CHA36_c";"sample";"CHA";0,0630167986769954;0,383284690798124
"LOR13_b";"LORIAZ";"LOR";1800;"LIT";"A";13;"LOR13";"Milieu forestier";"LOR_1800_LIT";29;"LOR";18,3329114933333;0,981434663333333;3,895;31,64911658;110,423333333333;3341,53333333333;578,37;214,543333333333;1165,95333333333;16283,13;1400,88;"Milieu forestier";2000;"LOR13_b";"sample";"LOR";0,0699815837937385;0,645625773590378
"LOR14_a";"LORIAZ";"LOR";1800;"LIT";"B";14;"LOR14";"Milieu forestier";"LOR_1800_LIT";29;"LOR";18,3329114933333;0,981434663333333;3,895;31,64911658;110,423333333333;3341,53333333333;578,37;214,543333333333;1165,95333333333;16283,13;1400,88;"Milieu forestier";2000;"LOR14_a";"sample";"LOR";0,0915873424234628;0,792251217295175
"LOR18_a";"LORIAZ";"LOR";1800;"SOL";"C";18;"LOR18";"Milieu forestier";"LOR_1800_SOL";30;"LOR";7,40835475933333;0,402111282;4,18333333333333;15,0125086233333;28,8066666666667;944,056666666667;115,12;134,313333333333;500,013333333333;5417,16666666667;357,8;"Milieu forestier";2000;"LOR18_a";"sample";"LOR";0,0167396745932416;0,581982295846073
"LOR19_a";"LORIAZ";"LOR";1930;"LIT";"A";19;"LOR19";"Milieu forestier";"LOR_1930_LIT";31;"LOR";16,8302831666667;0,996829947;4,79333333333333;33,40625935;285,763333333333;2866,21666666667;654,033333333333;473,18;1352,85;16775,3533333333;1275,77;"Milieu forestier";2000;"LOR19_a";"sample";"LOR";0,0471688725246293;0,625576558062381
"LOR19_b";"LORIAZ";"LOR";1930;"LIT";"A";19;"LOR19";"Milieu forestier";"LOR_1930_LIT";31;"LOR";16,8302831666667;0,996829947;4,79333333333333;33,40625935;285,763333333333;2866,21666666667;654,033333333333;473,18;1352,85;16775,3533333333;1275,77;"Milieu forestier";2000;"LOR19_b";"sample";"LOR";0,105313092979127;0,591545785840282
"LOR19_c";"LORIAZ";"LOR";1930;"LIT";"A";19;"LOR19";"Milieu forestier";"LOR_1930_LIT";31;"LOR";16,8302831666667;0,996829947;4,79333333333333;33,40625935;285,763333333333;2866,21666666667;654,033333333333;473,18;1352,85;16775,3533333333;1275,77;"Milieu forestier";2000;"LOR19_c";"sample";"LOR";0,0802919708029197;0,59864035936206
"LOR20_a";"LORIAZ";"LOR";1930;"LIT";"B";20;"LOR20";"Milieu forestier";"LOR_1930_LIT";31;"LOR";16,8302831666667;0,996829947;4,79333333333333;33,40625935;285,763333333333;2866,21666666667;654,033333333333;473,18;1352,85;16775,3533333333;1275,77;"Milieu forestier";2000;"LOR20_a";"sample";"LOR";0,00617639361423711;0,491131301265479
"LOR20_b";"LORIAZ";"LOR";1930;"LIT";"B";20;"LOR20";"Milieu forestier";"LOR_1930_LIT";31;"LOR";16,8302831666667;0,996829947;4,79333333333333;33,40625935;285,763333333333;2866,21666666667;654,033333333333;473,18;1352,85;16775,3533333333;1275,77;"Milieu forestier";2000;"LOR20_b";"sample";"LOR";0,0898102600140548;0,424349674396942
"LOR20_c";"LORIAZ";"LOR";1930;"LIT";"B";20;"LOR20";"Milieu forestier";"LOR_1930_LIT";31;"LOR";16,8302831666667;0,996829947;4,79333333333333;33,40625935;285,763333333333;2866,21666666667;654,033333333333;473,18;1352,85;16775,3533333333;1275,77;"Milieu forestier";2000;"LOR20_c";"sample";"LOR";0,23551705468327;0,478683624409035
"LOR21_a";"LORIAZ";"LOR";1930;"LIT";"C";21;"LOR21";"Milieu forestier";"LOR_1930_LIT";31;"LOR";16,8302831666667;0,996829947;4,79333333333333;33,40625935;285,763333333333;2866,21666666667;654,033333333333;473,18;1352,85;16775,3533333333;1275,77;"Milieu forestier";2000;"LOR21_a";"sample";"LOR";0,147818952550253;0,294549995972013
"LOR21_c";"LORIAZ";"LOR";1930;"LIT";"C";21;"LOR21";"Milieu forestier";"LOR_1930_LIT";31;"LOR";16,8302831666667;0,996829947;4,79333333333333;33,40625935;285,763333333333;2866,21666666667;654,033333333333;473,18;1352,85;16775,3533333333;1275,77;"Milieu forestier";2000;"LOR21_c";"sample";"LOR";0,115085536547434;0,294549995972013
"LOR22_b";"LORIAZ";"LOR";1930;"SOL";"A";22;"LOR22";"Milieu forestier";"LOR_1930_SOL";32;"LOR";10,6073633833333;0,696049293;4,361;22,2556768133333;266,93;1284,75666666667;271,83;258,226666666667;833,4;11765,69;941,203333333333;"Milieu forestier";2000;"LOR22_b";"sample";"LOR";0,283018867924528;0,774928240009912
"LOR26_c";"LORIAZ";"LOR";2130;"LIT";"B";26;"LOR26";"Milieu ouvert";"LOR_2130_LIT";33;"LOR";22,2022075666667;1,19987587133333;3,9125;41,53612065;182,9;3291,41;822,276666666667;439,61;2132,48333333333;26838,14;887,576666666667;"Milieu ouvert";2500;"LOR26_c";"sample";"LOR";0,101160862354892;0,597294573758412
"LOR28_b";"LORIAZ";"LOR";2130;"SOL";"A";28;"LOR28";"Milieu ouvert";"LOR_2130_SOL";34;"LOR";9,76670122066667;0,539157172;4,48666666666667;18,99125444;32,0833333333333;881,966666666667;161,913333333333;144,926666666667;788,896666666667;10357,0966666667;301,113333333333;"Milieu ouvert";2500;"LOR28_b";"sample";"LOR";0,0544959128065395;0
"LOR31_b";"LORIAZ";"LOR";2330;"LIT";"A";31;"LOR31";"Milieu ouvert";"LOR_2330_LIT";35;"LOR";18,2472966466667;0,773326794333333;4,45666666666667;37,9462408533333;123,196666666667;2212,76;264,65;396,986666666667;578,493333333333;20747,0466666667;1430,19;"Milieu ouvert";2500;"LOR31_b";"sample";"LOR";0,0284090909090909;0,533354999459431
"LOR34_c";"LORIAZ";"LOR";2330;"SOL";"A";34;"LOR34";"Milieu ouvert";"LOR_2330_SOL";36;"LOR";9,10616143466667;0,417164301;3,805;18,8536344233333;50,62;1326,10333333333;224,6;136,076666666667;533,94;11767,8033333333;775,57;"Milieu ouvert";2500;"LOR34_c";"sample";"LOR";0,00192461908580593;0,556736113414711
"LOR35_c";"LORIAZ";"LOR";2330;"SOL";"B";35;"LOR35";"Milieu ouvert";"LOR_2330_SOL";36;"LOR";9,10616143466667;0,417164301;3,805;18,8536344233333;50,62;1326,10333333333;224,6;136,076666666667;533,94;11767,8033333333;775,57;"Milieu ouvert";2500;"LOR35_c";"sample";"LOR";0,0494944119212347;0,608835792105557
"RIS02_a";"RISTOLAS";"RIS";1900;"LIT";"B";2;"RIS02";"Milieu forestier";"RIS_1900_LIT";37;"RIS";7,01703770933333;0,353577922;5,90666666666667;13,36901974;113,296666666667;2054,09666666667;420,68;187,743333333333;353,373333333333;5998,34333333333;1558,53333333333;"Milieu forestier";2000;"RIS02_a";"sample";"RIS";0,015695067264574;0,664089770038266
"RIS07_a";"RISTOLAS";"RIS";2195;"LIT";"A";7;"RIS07";"Milieu ouvert";"RIS_2195_LIT";39;"RIS";8,10067017866667;0,634405911;5,79666666666667;9,123747129;27,9633333333333;1938,96333333333;296,183333333333;283,243333333333;295,203333333333;2038,2;171,7;"Milieu ouvert";2500;"RIS07_a";"sample";"RIS";0,0875576036866359;0,403488646491311
"RIS07_c";"RISTOLAS";"RIS";2195;"LIT";"A";7;"RIS07";"Milieu ouvert";"RIS_2195_LIT";39;"RIS";8,10067017866667;0,634405911;5,79666666666667;9,123747129;27,9633333333333;1938,96333333333;296,183333333333;283,243333333333;295,203333333333;2038,2;171,7;"Milieu ouvert";2500;"RIS07_c";"sample";"RIS";0,127016129032258;0,403488646491311
"RIS08_a";"RISTOLAS";"RIS";2195;"LIT";"B";8;"RIS08";"Milieu ouvert";"RIS_2195_LIT";39;"RIS";8,10067017866667;0,634405911;5,79666666666667;9,123747129;27,9633333333333;1938,96333333333;296,183333333333;283,243333333333;295,203333333333;2038,2;171,7;"Milieu ouvert";2500;"RIS08_a";"sample";"RIS";0,0743099787685775;0
"RIS09_a";"RISTOLAS";"RIS";2195;"LIT";"C";9;"RIS09";"Milieu ouvert";"RIS_2195_LIT";39;"RIS";8,10067017866667;0,634405911;5,79666666666667;9,123747129;27,9633333333333;1938,96333333333;296,183333333333;283,243333333333;295,203333333333;2038,2;171,7;"Milieu ouvert";2500;"RIS09_a";"sample";"RIS";0,0804275633042756;0,570882864338859
"RIS09_b";"RISTOLAS";"RIS";2195;"LIT";"C";9;"RIS09";"Milieu ouvert";"RIS_2195_LIT";39;"RIS";8,10067017866667;0,634405911;5,79666666666667;9,123747129;27,9633333333333;1938,96333333333;296,183333333333;283,243333333333;295,203333333333;2038,2;171,7;"Milieu ouvert";2500;"RIS09_b";"sample";"RIS";0,197807435653003;0,483858865168053
"RIS09_c";"RISTOLAS";"RIS";2195;"LIT";"C";9;"RIS09";"Milieu ouvert";"RIS_2195_LIT";39;"RIS";8,10067017866667;0,634405911;5,79666666666667;9,123747129;27,9633333333333;1938,96333333333;296,183333333333;283,243333333333;295,203333333333;2038,2;171,7;"Milieu ouvert";2500;"RIS09_c";"sample";"RIS";0,139197041732699;0,445691126422919
"RIS12_a";"RISTOLAS";"RIS";2195;"SOL";"C";12;"RIS12";"Milieu ouvert";"RIS_2195_SOL";40;"RIS";4,72883709266667;0,391102423333333;5,97;6,365548132;88,1166666666667;2453,73666666667;532,836666666667;374,023333333333;499,456666666667;3042,65666666667;509,266666666667;"Milieu ouvert";2500;"RIS12_a";"sample";"RIS";0,122376060741402;0,437808487448061
"RIS12_c";"RISTOLAS";"RIS";2195;"SOL";"C";12;"RIS12";"Milieu ouvert";"RIS_2195_SOL";40;"RIS";4,72883709266667;0,391102423333333;5,97;6,365548132;88,1166666666667;2453,73666666667;532,836666666667;374,023333333333;499,456666666667;3042,65666666667;509,266666666667;"Milieu ouvert";2500;"RIS12_c";"sample";"RIS";0,226006191950464;0,437808487448061
"RIS13_a";"RISTOLAS";"RIS";2340;"LIT";"A";13;"RIS13";"Milieu ouvert";"RIS_2340_LIT";41;"RIS";9,020658811;0,697466671333333;5,97666666666667;12,1838404233333;37,1633333333333;2204,20666666667;527,21;418,433333333333;489,27;5626,89;1031,94666666667;"Milieu ouvert";2500;"RIS13_a";"sample";"RIS";0,248397435897436;0,565550333181624
"RIS13_b";"RISTOLAS";"RIS";2340;"LIT";"A";13;"RIS13";"Milieu ouvert";"RIS_2340_LIT";41;"RIS";9,020658811;0,697466671333333;5,97666666666667;12,1838404233333;37,1633333333333;2204,20666666667;527,21;418,433333333333;489,27;5626,89;1031,94666666667;"Milieu ouvert";2500;"RIS13_b";"sample";"RIS";0,136168179646441;0,56072947088602
"RIS13_c";"RISTOLAS";"RIS";2340;"LIT";"A";13;"RIS13";"Milieu ouvert";"RIS_2340_LIT";41;"RIS";9,020658811;0,697466671333333;5,97666666666667;12,1838404233333;37,1633333333333;2204,20666666667;527,21;418,433333333333;489,27;5626,89;1031,94666666667;"Milieu ouvert";2500;"RIS13_c";"sample";"RIS";0,25891181988743;0,498354379545686
"RIS14_a";"RISTOLAS";"RIS";2340;"LIT";"B";14;"RIS14";"Milieu ouvert";"RIS_2340_LIT";41;"RIS";9,020658811;0,697466671333333;5,97666666666667;12,1838404233333;37,1633333333333;2204,20666666667;527,21;418,433333333333;489,27;5626,89;1031,94666666667;"Milieu ouvert";2500;"RIS14_a";"sample";"RIS";0,150490906164494;0,488905896969588
"RIS14_c";"RISTOLAS";"RIS";2340;"LIT";"B";14;"RIS14";"Milieu ouvert";"RIS_2340_LIT";41;"RIS";9,020658811;0,697466671333333;5,97666666666667;12,1838404233333;37,1633333333333;2204,20666666667;527,21;418,433333333333;489,27;5626,89;1031,94666666667;"Milieu ouvert";2500;"RIS14_c";"sample";"RIS";0,0716417910447761;0,488905896969588
"RIS15_a";"RISTOLAS";"RIS";2340;"LIT";"C";15;"RIS15";"Milieu ouvert";"RIS_2340_LIT";41;"RIS";9,020658811;0,697466671333333;5,97666666666667;12,1838404233333;37,1633333333333;2204,20666666667;527,21;418,433333333333;489,27;5626,89;1031,94666666667;"Milieu ouvert";2500;"RIS15_a";"sample";"RIS";0,333228072945449;0,470686982573296
"RIS15_b";"RISTOLAS";"RIS";2340;"LIT";"C";15;"RIS15";"Milieu ouvert";"RIS_2340_LIT";41;"RIS";9,020658811;0,697466671333333;5,97666666666667;12,1838404233333;37,1633333333333;2204,20666666667;527,21;418,433333333333;489,27;5626,89;1031,94666666667;"Milieu ouvert";2500;"RIS15_b";"sample";"RIS";0,221107927411652;0,514665421189624
"RIS15_c";"RISTOLAS";"RIS";2340;"LIT";"C";15;"RIS15";"Milieu ouvert";"RIS_2340_LIT";41;"RIS";9,020658811;0,697466671333333;5,97666666666667;12,1838404233333;37,1633333333333;2204,20666666667;527,21;418,433333333333;489,27;5626,89;1031,94666666667;"Milieu ouvert";2500;"RIS15_c";"sample";"RIS";0,230635234003019;0,531303792548285
"RIS18_a";"RISTOLAS";"RIS";2340;"SOL";"C";18;"RIS18";"Milieu ouvert";"RIS_2340_SOL";42;"RIS";4,75469748166667;0,418268452;5,6925;8,94785199766667;54,9966666666667;1141,35666666667;259,69;345,786666666667;281,523333333333;4389,02333333333;795,67;"Milieu ouvert";2500;"RIS18_a";"sample";"RIS";0,0498470397696599;0,613595505788445
"RIS18_c";"RISTOLAS";"RIS";2340;"SOL";"C";18;"RIS18";"Milieu ouvert";"RIS_2340_SOL";42;"RIS";4,75469748166667;0,418268452;5,6925;8,94785199766667;54,9966666666667;1141,35666666667;259,69;345,786666666667;281,523333333333;4389,02333333333;795,67;"Milieu ouvert";2500;"RIS18_c";"sample";"RIS";0,358913813459268;0,613595505788445
"RIS19_a";"RISTOLAS";"RIS";2570;"LIT";"A";19;"RIS19";"Milieu ouvert";"RIS_2570_LIT";43;"RIS";4,00923939533333;0,308127308666667;5,205;6,765660513;48,4666666666667;2011,76333333333;537,206666666667;150,346666666667;532,21;3120,81333333333;395,453333333333;"Milieu ouvert";3000;"RIS19_a";"sample";"RIS";0,217513017188287;0,521114492606524
"RIS19_c";"RISTOLAS";"RIS";2570;"LIT";"A";19;"RIS19";"Milieu ouvert";"RIS_2570_LIT";43;"RIS";4,00923939533333;0,308127308666667;5,205;6,765660513;48,4666666666667;2011,76333333333;537,206666666667;150,346666666667;532,21;3120,81333333333;395,453333333333;"Milieu ouvert";3000;"RIS19_c";"sample";"RIS";0,135986733001658;0,521114492606524
"RIS20_a";"RISTOLAS";"RIS";2570;"LIT";"B";20;"RIS20";"Milieu ouvert";"RIS_2570_LIT";43;"RIS";4,00923939533333;0,308127308666667;5,205;6,765660513;48,4666666666667;2011,76333333333;537,206666666667;150,346666666667;532,21;3120,81333333333;395,453333333333;"Milieu ouvert";3000;"RIS20_a";"sample";"RIS";0,162531017369727;0,415732082296331
"RIS20_b";"RISTOLAS";"RIS";2570;"LIT";"B";20;"RIS20";"Milieu ouvert";"RIS_2570_LIT";43;"RIS";4,00923939533333;0,308127308666667;5,205;6,765660513;48,4666666666667;2011,76333333333;537,206666666667;150,346666666667;532,21;3120,81333333333;395,453333333333;"Milieu ouvert";3000;"RIS20_b";"sample";"RIS";0,142981402476908;0,460255887968903
"RIS20_c";"RISTOLAS";"RIS";2570;"LIT";"B";20;"RIS20";"Milieu ouvert";"RIS_2570_LIT";43;"RIS";4,00923939533333;0,308127308666667;5,205;6,765660513;48,4666666666667;2011,76333333333;537,206666666667;150,346666666667;532,21;3120,81333333333;395,453333333333;"Milieu ouvert";3000;"RIS20_c";"sample";"RIS";0,242704769571342;0,491755642723027
"RIS21_a";"RISTOLAS";"RIS";2570;"LIT";"C";21;"RIS21";"Milieu ouvert";"RIS_2570_LIT";43;"RIS";4,00923939533333;0,308127308666667;5,205;6,765660513;48,4666666666667;2011,76333333333;537,206666666667;150,346666666667;532,21;3120,81333333333;395,453333333333;"Milieu ouvert";3000;"RIS21_a";"sample";"RIS";0,27546739290446;0,389655051163285
"RIS21_c";"RISTOLAS";"RIS";2570;"LIT";"C";21;"RIS21";"Milieu ouvert";"RIS_2570_LIT";43;"RIS";4,00923939533333;0,308127308666667;5,205;6,765660513;48,4666666666667;2011,76333333333;537,206666666667;150,346666666667;532,21;3120,81333333333;395,453333333333;"Milieu ouvert";3000;"RIS21_c";"sample";"RIS";0,182114926895614;0,389655051163285
"RIS23_a";"RISTOLAS";"RIS";2570;"SOL";"B";23;"RIS23";"Milieu ouvert";"RIS_2570_SOL";44;"RIS";2,659846147;0,236410002;5,53;4,048173415;8,96;681,056666666667;131,93;67,4433333333333;218,823333333333;947,386666666667;105,106666666667;"Milieu ouvert";3000;"RIS23_a";"sample";"RIS";0,13592035757822;0
"RIS24_b";"RISTOLAS";"RIS";2570;"SOL";"C";24;"RIS24";"Milieu ouvert";"RIS_2570_SOL";44;"RIS";2,659846147;0,236410002;5,53;4,048173415;8,96;681,056666666667;131,93;67,4433333333333;218,823333333333;947,386666666667;105,106666666667;"Milieu ouvert";3000;"RIS24_b";"sample";"RIS";0,205818181818182;0
"RIS25_a";"RISTOLAS";"RIS";2770;"LIT";"A";25;"RIS25";"Milieu ouvert";"RIS_2770_LIT";45;"RIS";8,93373028466667;0,658306896666667;5,65;16,733511733;48,6066666666667;2825,94;594,4;290,543333333333;569,413333333333;6236,89666666667;670,986666666667;"Milieu ouvert";3000;"RIS25_a";"sample";"RIS";0,419191919191919;0,236807952583633
"RIS25_b";"RISTOLAS";"RIS";2770;"LIT";"A";25;"RIS25";"Milieu ouvert";"RIS_2770_LIT";45;"RIS";8,93373028466667;0,658306896666667;5,65;16,733511733;48,6066666666667;2825,94;594,4;290,543333333333;569,413333333333;6236,89666666667;670,986666666667;"Milieu ouvert";3000;"RIS25_b";"sample";"RIS";0,301324503311258;0,236807952583633
"RIS26_b";"RISTOLAS";"RIS";2770;"LIT";"B";26;"RIS26";"Milieu ouvert";"RIS_2770_LIT";45;"RIS";8,93373028466667;0,658306896666667;5,65;16,733511733;48,6066666666667;2825,94;594,4;290,543333333333;569,413333333333;6236,89666666667;670,986666666667;"Milieu ouvert";3000;"RIS26_b";"sample";"RIS";0,143235138472394;0,463953016098201
"RIS26_c";"RISTOLAS";"RIS";2770;"LIT";"B";26;"RIS26";"Milieu ouvert";"RIS_2770_LIT";45;"RIS";8,93373028466667;0,658306896666667;5,65;16,733511733;48,6066666666667;2825,94;594,4;290,543333333333;569,413333333333;6236,89666666667;670,986666666667;"Milieu ouvert";3000;"RIS26_c";"sample";"RIS";0,204112038140644;0,463953016098201
"RIS27_c";"RISTOLAS";"RIS";2770;"LIT";"C";27;"RIS27";"Milieu ouvert";"RIS_2770_LIT";45;"RIS";8,93373028466667;0,658306896666667;5,65;16,733511733;48,6066666666667;2825,94;594,4;290,543333333333;569,413333333333;6236,89666666667;670,986666666667;"Milieu ouvert";3000;"RIS27_c";"sample";"RIS";0,0837320574162679;0
"RIS28_b";"RISTOLAS";"RIS";2770;"SOL";"A";28;"RIS28";"Milieu ouvert";"RIS_2770_SOL";46;"RIS";4,45843895266667;0,375207096333333;5,21666666666667;9,21284145533333;6,82666666666667;840,413333333333;126,616666666667;151,336666666667;269,26;3700,6;260,93;"Milieu ouvert";3000;"RIS28_b";"sample";"RIS";0,425619834710744;0,517365066990322
"RIS28_c";"RISTOLAS";"RIS";2770;"SOL";"A";28;"RIS28";"Milieu ouvert";"RIS_2770_SOL";46;"RIS";4,45843895266667;0,375207096333333;5,21666666666667;9,21284145533333;6,82666666666667;840,413333333333;126,616666666667;151,336666666667;269,26;3700,6;260,93;"Milieu ouvert";3000;"RIS28_c";"sample";"RIS";0,111311983471074;0,517365066990322
"RIS30_b";"RISTOLAS";"RIS";2770;"SOL";"C";30;"RIS30";"Milieu ouvert";"RIS_2770_SOL";46;"RIS";4,45843895266667;0,375207096333333;5,21666666666667;9,21284145533333;6,82666666666667;840,413333333333;126,616666666667;151,336666666667;269,26;3700,6;260,93;"Milieu ouvert";3000;"RIS30_b";"sample";"RIS";0,112727272727273;0,741643438312168
"RIS31_a";"RISTOLAS";"RIS";2890;"LIT";"A";31;"RIS31";"Milieu ouvert";"RIS_2890_LIT";47;"RIS";2,632905245;0,219804133;5,88666666666667;3,50456598733333;10,36;1152,54666666667;220,856666666667;92,0166666666667;251,276666666667;1333,5;193,073333333333;"Milieu ouvert";3000;"RIS31_a";"sample";"RIS";0,350741457124436;0
"RIS32";"RISTOLAS";"RIS";2890;"LIT";"B";32;"RIS32";"Milieu ouvert";"RIS_2890_LIT";47;"RIS";2,632905245;0,219804133;5,88666666666667;3,50456598733333;10,36;1152,54666666667;220,856666666667;92,0166666666667;251,276666666667;1333,5;193,073333333333;"Milieu ouvert";3000;"RIS32";"sample";"sample";0,400344012040421;0,33943116283074
"RIS32_a";"RISTOLAS";"RIS";2890;"LIT";"B";32;"RIS32";"Milieu ouvert";"RIS_2890_LIT";47;"RIS";2,632905245;0,219804133;5,88666666666667;3,50456598733333;10,36;1152,54666666667;220,856666666667;92,0166666666667;251,276666666667;1333,5;193,073333333333;"Milieu ouvert";3000;"RIS32_a";"sample";"RIS";0,360433604336043;0,33943116283074
"RIS33";"RISTOLAS";"RIS";2890;"LIT";"C";33;"RIS33";"Milieu ouvert";"RIS_2890_LIT";47;"RIS";2,632905245;0,219804133;5,88666666666667;3,50456598733333;10,36;1152,54666666667;220,856666666667;92,0166666666667;251,276666666667;1333,5;193,073333333333;"Milieu ouvert";3000;"RIS33";"sample";"sample";0,416471277842907;0,347467561952368
"RIS33_a";"RISTOLAS";"RIS";2890;"LIT";"C";33;"RIS33";"Milieu ouvert";"RIS_2890_LIT";47;"RIS";2,632905245;0,219804133;5,88666666666667;3,50456598733333;10,36;1152,54666666667;220,856666666667;92,0166666666667;251,276666666667;1333,5;193,073333333333;"Milieu ouvert";3000;"RIS33_a";"sample";"RIS";0,131406044678055;0,481999870325257
"RIS33_b";"RISTOLAS";"RIS";2890;"LIT";"C";33;"RIS33";"Milieu ouvert";"RIS_2890_LIT";47;"RIS";2,632905245;0,219804133;5,88666666666667;3,50456598733333;10,36;1152,54666666667;220,856666666667;92,0166666666667;251,276666666667;1333,5;193,073333333333;"Milieu ouvert";3000;"RIS33_b";"sample";"RIS";0,299494949494949;0,406583755377042
"RIS35_a";"RISTOLAS";"RIS";2890;"SOL";"B";35;"RIS35";"Milieu ouvert";"RIS_2890_SOL";48;"RIS";1,73925224933333;0,150626150333333;5,79333333333333;3,109668802;6,44666666666667;782,783333333333;118,126666666667;65,9466666666667;208,753333333333;1197,07666666667;216,246666666667;"Milieu ouvert";3000;"RIS35_a";"sample";"RIS";0,431372549019608;0,637846412000327
"RIS35_b";"RISTOLAS";"RIS";2890;"SOL";"B";35;"RIS35";"Milieu ouvert";"RIS_2890_SOL";48;"RIS";1,73925224933333;0,150626150333333;5,79333333333333;3,109668802;6,44666666666667;782,783333333333;118,126666666667;65,9466666666667;208,753333333333;1197,07666666667;216,246666666667;"Milieu ouvert";3000;"RIS35_b";"sample";"RIS";0,517716535433071;0,637846412000327
"VCH01";"VIEUXCHAILLOL";"VCH";2150;"LIT";"A";1;"VCH01";"Milieu ouvert";"VCH_2150_LIT";49;"VCH";11,761353495;0,938913961;5,00333333333333;21,2496635233333;3,35191608;1053,814997;236,902716066667;261,6532091;391,289720333333;2996,80989866667;139,488227836667;"Milieu ouvert";2500;"VCH01";"sample";"sample";0,0241371531694112;0,366656129249671
"VCH01_a";"VIEUXCHAILLOL";"VCH";2150;"LIT";"A";1;"VCH01";"Milieu ouvert";"VCH_2150_LIT";49;"VCH";11,761353495;0,938913961;5,00333333333333;21,2496635233333;3,35191608;1053,814997;236,902716066667;261,6532091;391,289720333333;2996,80989866667;139,488227836667;"Milieu ouvert";2500;"VCH01_a";"sample";"VCH";0,0415492094619439;0,312227551956068
"VCH01_b";"VIEUXCHAILLOL";"VCH";2150;"LIT";"A";1;"VCH01";"Milieu ouvert";"VCH_2150_LIT";49;"VCH";11,761353495;0,938913961;5,00333333333333;21,2496635233333;3,35191608;1053,814997;236,902716066667;261,6532091;391,289720333333;2996,80989866667;139,488227836667;"Milieu ouvert";2500;"VCH01_b";"sample";"VCH";0,03870814533365;0,327178497370152
"VCH02";"VIEUXCHAILLOL";"VCH";2150;"LIT";"B";2;"VCH02";"Milieu ouvert";"VCH_2150_LIT";49;"VCH";11,761353495;0,938913961;5,00333333333333;21,2496635233333;3,35191608;1053,814997;236,902716066667;261,6532091;391,289720333333;2996,80989866667;139,488227836667;"Milieu ouvert";2500;"VCH02";"sample";"sample";0,117617237008872;0,43923024588845
"VCH02_a";"VIEUXCHAILLOL";"VCH";2150;"LIT";"B";2;"VCH02";"Milieu ouvert";"VCH_2150_LIT";49;"VCH";11,761353495;0,938913961;5,00333333333333;21,2496635233333;3,35191608;1053,814997;236,902716066667;261,6532091;391,289720333333;2996,80989866667;139,488227836667;"Milieu ouvert";2500;"VCH02_a";"sample";"VCH";0,015819839940443;0,43923024588845
"VCH03";"VIEUXCHAILLOL";"VCH";2150;"LIT";"C";3;"VCH03";"Milieu ouvert";"VCH_2150_LIT";49;"VCH";11,761353495;0,938913961;5,00333333333333;21,2496635233333;3,35191608;1053,814997;236,902716066667;261,6532091;391,289720333333;2996,80989866667;139,488227836667;"Milieu ouvert";2500;"VCH03";"sample";"sample";0,0792291220556745;0,412999406801656
"VCH03_a";"VIEUXCHAILLOL";"VCH";2150;"LIT";"C";3;"VCH03";"Milieu ouvert";"VCH_2150_LIT";49;"VCH";11,761353495;0,938913961;5,00333333333333;21,2496635233333;3,35191608;1053,814997;236,902716066667;261,6532091;391,289720333333;2996,80989866667;139,488227836667;"Milieu ouvert";2500;"VCH03_a";"sample";"VCH";0,0512048192771084;0,412999406801656
"VCH04_a";"VIEUXCHAILLOL";"VCH";2150;"SOL";"A";4;"VCH04";"Milieu ouvert";"VCH_2150_SOL";50;"VCH";9,50140126533333;0,792491794;5,3225;15,44477738;0;775,725488333333;161,014778933333;232,343134433333;318,0852161;2190,81548866667;165,46849919;"Milieu ouvert";2500;"VCH04_a";"sample";"VCH";0,0308080808080808;0,474957961393241
"VCH04_b";"VIEUXCHAILLOL";"VCH";2150;"SOL";"A";4;"VCH04";"Milieu ouvert";"VCH_2150_SOL";50;"VCH";9,50140126533333;0,792491794;5,3225;15,44477738;0;775,725488333333;161,014778933333;232,343134433333;318,0852161;2190,81548866667;165,46849919;"Milieu ouvert";2500;"VCH04_b";"sample";"VCH";0,0638297872340425;0,688057395898195
"VCH05";"VIEUXCHAILLOL";"VCH";2150;"SOL";"B";5;"VCH05";"Milieu ouvert";"VCH_2150_SOL";50;"VCH";9,50140126533333;0,792491794;5,3225;15,44477738;0;775,725488333333;161,014778933333;232,343134433333;318,0852161;2190,81548866667;165,46849919;"Milieu ouvert";2500;"VCH05";"sample";"sample";0,0789473684210526;0,457098000919212
"VCH05_a";"VIEUXCHAILLOL";"VCH";2150;"SOL";"B";5;"VCH05";"Milieu ouvert";"VCH_2150_SOL";50;"VCH";9,50140126533333;0,792491794;5,3225;15,44477738;0;775,725488333333;161,014778933333;232,343134433333;318,0852161;2190,81548866667;165,46849919;"Milieu ouvert";2500;"VCH05_a";"sample";"VCH";0,19259463940315;0,457098000919212
"VCH06";"VIEUXCHAILLOL";"VCH";2150;"SOL";"C";6;"VCH06";"Milieu ouvert";"VCH_2150_SOL";50;"VCH";9,50140126533333;0,792491794;5,3225;15,44477738;0;775,725488333333;161,014778933333;232,343134433333;318,0852161;2190,81548866667;165,46849919;"Milieu ouvert";2500;"VCH06";"sample";"sample";0,149924471299094;0,501715679032302
"VCH06_a";"VIEUXCHAILLOL";"VCH";2150;"SOL";"C";6;"VCH06";"Milieu ouvert";"VCH_2150_SOL";50;"VCH";9,50140126533333;0,792491794;5,3225;15,44477738;0;775,725488333333;161,014778933333;232,343134433333;318,0852161;2190,81548866667;165,46849919;"Milieu ouvert";2500;"VCH06_a";"sample";"VCH";0,0415368639667705;0,544202317300624
"VCH06_b";"VIEUXCHAILLOL";"VCH";2150;"SOL";"C";6;"VCH06";"Milieu ouvert";"VCH_2150_SOL";50;"VCH";9,50140126533333;0,792491794;5,3225;15,44477738;0;775,725488333333;161,014778933333;232,343134433333;318,0852161;2190,81548866667;165,46849919;"Milieu ouvert";2500;"VCH06_b";"sample";"VCH";0,0459851936218679;0,518058494542246
"VCH07";"VIEUXCHAILLOL";"VCH";2330;"LIT";"A";7;"VCH07";"Milieu ouvert";"VCH_2330_LIT";51;"VCH";9,027255376;0,650544484333333;5,25333333333333;13,58242931;0,481352853666667;934,2720335;228,700280433333;127,6077844;306,645614466667;2100,63300466667;14,3926405466667;"Milieu ouvert";2500;"VCH07";"sample";"sample";0,10625;0,479529318272673
"VCH07_a";"VIEUXCHAILLOL";"VCH";2330;"LIT";"A";7;"VCH07";"Milieu ouvert";"VCH_2330_LIT";51;"VCH";9,027255376;0,650544484333333;5,25333333333333;13,58242931;0,481352853666667;934,2720335;228,700280433333;127,6077844;306,645614466667;2100,63300466667;14,3926405466667;"Milieu ouvert";2500;"VCH07_a";"sample";"VCH";0,0642256902761104;0,451344750227578
"VCH07_b";"VIEUXCHAILLOL";"VCH";2330;"LIT";"A";7;"VCH07";"Milieu ouvert";"VCH_2330_LIT";51;"VCH";9,027255376;0,650544484333333;5,25333333333333;13,58242931;0,481352853666667;934,2720335;228,700280433333;127,6077844;306,645614466667;2100,63300466667;14,3926405466667;"Milieu ouvert";2500;"VCH07_b";"sample";"VCH";0,0282861896838602;0,492113084976115
"VCH08_a";"VIEUXCHAILLOL";"VCH";2330;"LIT";"B";8;"VCH08";"Milieu ouvert";"VCH_2330_LIT";51;"VCH";9,027255376;0,650544484333333;5,25333333333333;13,58242931;0,481352853666667;934,2720335;228,700280433333;127,6077844;306,645614466667;2100,63300466667;14,3926405466667;"Milieu ouvert";2500;"VCH08_a";"sample";"VCH";0,00100963744837081;0
"VCH09";"VIEUXCHAILLOL";"VCH";2330;"LIT";"C";9;"VCH09";"Milieu ouvert";"VCH_2330_LIT";51;"VCH";9,027255376;0,650544484333333;5,25333333333333;13,58242931;0,481352853666667;934,2720335;228,700280433333;127,6077844;306,645614466667;2100,63300466667;14,3926405466667;"Milieu ouvert";2500;"VCH09";"sample";"sample";0,0312581742087366;0,255330218758214
"VCH11_a";"VIEUXCHAILLOL";"VCH";2330;"SOL";"B";11;"VCH11";"Milieu ouvert";"VCH_2330_SOL";52;"VCH";7,89399528533333;0,579185406;4,91333333333333;12,6331294166667;0;643,9477422;151,766869156667;122,000932776667;297,194449466667;2281,666713;73,47923542;"Milieu ouvert";2500;"VCH11_a";"sample";"VCH";0,0414089130160333;0,447435347261971
"VCH14";"VIEUXCHAILLOL";"VCH";2510;"LIT";"B";14;"VCH14";"Milieu ouvert";"VCH_2510_LIT";53;"VCH";3,09190638833333;0,252228334666667;5,36333333333333;25,96532343;0,804544176666667;616,0874556;113,801894066667;110,02484775;109,563842463333;1000,35337483333;65,6130942133333;"Milieu ouvert";3000;"VCH14";"sample";"sample";0,0236486486486486;0,366808930739614
"VCH14_b";"VIEUXCHAILLOL";"VCH";2510;"LIT";"B";14;"VCH14";"Milieu ouvert";"VCH_2510_LIT";53;"VCH";3,09190638833333;0,252228334666667;5,36333333333333;25,96532343;0,804544176666667;616,0874556;113,801894066667;110,02484775;109,563842463333;1000,35337483333;65,6130942133333;"Milieu ouvert";3000;"VCH14_b";"sample";"VCH";0,0175563802455039;0,366808930739614
"VCH15";"VIEUXCHAILLOL";"VCH";2510;"LIT";"C";15;"VCH15";"Milieu ouvert";"VCH_2510_LIT";53;"VCH";3,09190638833333;0,252228334666667;5,36333333333333;25,96532343;0,804544176666667;616,0874556;113,801894066667;110,02484775;109,563842463333;1000,35337483333;65,6130942133333;"Milieu ouvert";3000;"VCH15";"sample";"sample";0,112645348837209;0
"VCH16_b";"VIEUXCHAILLOL";"VCH";2510;"SOL";"A";16;"VCH16";"Milieu ouvert";"VCH_2510_SOL";54;"VCH";1,947614312;0,175670296;5,73666666666667;4,51753238033333;2,472923709;152,114193566667;10,3684201773333;41,3292349666667;25,8172308766667;236,5658297;30,66306097;"Milieu ouvert";3000;"VCH16_b";"sample";"VCH";0,321132751287217;0,705028315962008
"VCH19";"VIEUXCHAILLOL";"VCH";2760;"LIT";"A";19;"VCH19";"Milieu ouvert";"VCH_2760_LIT";55;"VCH";12,5291296646667;0,883876959666667;4,74333333333333;23,0150772966667;15,857083265;2556,56756033333;546,9335312;355,774910366667;945,088946466667;6308,10534033333;315,236217666667;"Milieu ouvert";3000;"VCH19";"sample";"sample";0,0814365947383979;0,359596878331638
"VCH20";"VIEUXCHAILLOL";"VCH";2760;"LIT";"B";20;"VCH20";"Milieu ouvert";"VCH_2760_LIT";55;"VCH";12,5291296646667;0,883876959666667;4,74333333333333;23,0150772966667;15,857083265;2556,56756033333;546,9335312;355,774910366667;945,088946466667;6308,10534033333;315,236217666667;"Milieu ouvert";3000;"VCH20";"sample";"sample";0,0383055430374042;0,465550622890241
"VCH20_a";"VIEUXCHAILLOL";"VCH";2760;"LIT";"B";20;"VCH20";"Milieu ouvert";"VCH_2760_LIT";55;"VCH";12,5291296646667;0,883876959666667;4,74333333333333;23,0150772966667;15,857083265;2556,56756033333;546,9335312;355,774910366667;945,088946466667;6308,10534033333;315,236217666667;"Milieu ouvert";3000;"VCH20_a";"sample";"VCH";0,022056269538034;0,471265942771879
"VCH20_b";"VIEUXCHAILLOL";"VCH";2760;"LIT";"B";20;"VCH20";"Milieu ouvert";"VCH_2760_LIT";55;"VCH";12,5291296646667;0,883876959666667;4,74333333333333;23,0150772966667;15,857083265;2556,56756033333;546,9335312;355,774910366667;945,088946466667;6308,10534033333;315,236217666667;"Milieu ouvert";3000;"VCH20_b";"sample";"VCH";0,0186346532879412;0,647577379147155
"VCH21";"VIEUXCHAILLOL";"VCH";2760;"LIT";"C";21;"VCH21";"Milieu ouvert";"VCH_2760_LIT";55;"VCH";12,5291296646667;0,883876959666667;4,74333333333333;23,0150772966667;15,857083265;2556,56756033333;546,9335312;355,774910366667;945,088946466667;6308,10534033333;315,236217666667;"Milieu ouvert";3000;"VCH21";"sample";"sample";0,0435339308578745;0,56645006969952
"VCH21_a";"VIEUXCHAILLOL";"VCH";2760;"LIT";"C";21;"VCH21";"Milieu ouvert";"VCH_2760_LIT";55;"VCH";12,5291296646667;0,883876959666667;4,74333333333333;23,0150772966667;15,857083265;2556,56756033333;546,9335312;355,774910366667;945,088946466667;6308,10534033333;315,236217666667;"Milieu ouvert";3000;"VCH21_a";"sample";"VCH";0,029720727645401;0,458857991051598
"VCH21_b";"VIEUXCHAILLOL";"VCH";2760;"LIT";"C";21;"VCH21";"Milieu ouvert";"VCH_2760_LIT";55;"VCH";12,5291296646667;0,883876959666667;4,74333333333333;23,0150772966667;15,857083265;2556,56756033333;546,9335312;355,774910366667;945,088946466667;6308,10534033333;315,236217666667;"Milieu ouvert";3000;"VCH21_b";"sample";"VCH";0,0289707187222715;0,714448781870628
"VCH23_a";"VIEUXCHAILLOL";"VCH";2760;"SOL";"B";23;"VCH23";"Milieu ouvert";"VCH_2760_SOL";56;"VCH";11,60345904;0,835430463;4,29666666666667;19,5464869466667;10,80830056;1683,06866566667;386,509222033333;256,5591633;691,423607033333;4641,31391633333;282,151654166667;"Milieu ouvert";3000;"VCH23_a";"sample";"VCH";0,100537634408602;0,570647312824188
"VCH25";"VIEUXCHAILLOL";"VCH";2940;"LIT";"A";25;"VCH25";"Milieu ouvert";"VCH_2940_LIT";57;"VCH";9,50319528566667;0,666022519333333;4,77666666666667;15,1810029753333;17,4635885843333;1899,67026873333;366,0615929;200,4837937;598,316259733333;4333,96329866667;351,83;"Milieu ouvert";3000;"VCH25";"sample";"sample";0,196500312472101;0,365859891561458
"VCH25_a";"VIEUXCHAILLOL";"VCH";2940;"LIT";"A";25;"VCH25";"Milieu ouvert";"VCH_2940_LIT";57;"VCH";9,50319528566667;0,666022519333333;4,77666666666667;15,1810029753333;17,4635885843333;1899,67026873333;366,0615929;200,4837937;598,316259733333;4333,96329866667;351,83;"Milieu ouvert";3000;"VCH25_a";"sample";"VCH";0,187618846397634;0,291828008327434
"VCH25_b";"VIEUXCHAILLOL";"VCH";2940;"LIT";"A";25;"VCH25";"Milieu ouvert";"VCH_2940_LIT";57;"VCH";9,50319528566667;0,666022519333333;4,77666666666667;15,1810029753333;17,4635885843333;1899,67026873333;366,0615929;200,4837937;598,316259733333;4333,96329866667;351,83;"Milieu ouvert";3000;"VCH25_b";"sample";"VCH";0,196685637763642;0,320738342447187
"VCH26_a";"VIEUXCHAILLOL";"VCH";2940;"LIT";"B";26;"VCH26";"Milieu ouvert";"VCH_2940_LIT";57;"VCH";9,50319528566667;0,666022519333333;4,77666666666667;15,1810029753333;17,4635885843333;1899,67026873333;366,0615929;200,4837937;598,316259733333;4333,96329866667;351,83;"Milieu ouvert";3000;"VCH26_a";"sample";"VCH";0,0214236351071182;0,507026930209359
"VCH28";"VIEUXCHAILLOL";"VCH";2940;"SOL";"A";28;"VCH28";"Milieu ouvert";"VCH_2940_SOL";58;"VCH";7,74279292433333;0,530231893333333;4,8;12,6087090683333;0;906,992278633333;153,02225231;163,99441146;293,3081029;2678,54181333333;204,843333333333;"Milieu ouvert";3000;"VCH28";"sample";"sample";0,0731707317073171;0,651187815786796
"VCH30";"VIEUXCHAILLOL";"VCH";2940;"SOL";"C";30;"VCH30";"Milieu ouvert";"VCH_2940_SOL";58;"VCH";7,74279292433333;0,530231893333333;4,8;12,6087090683333;0;906,992278633333;153,02225231;163,99441146;293,3081029;2678,54181333333;204,843333333333;"Milieu ouvert";3000;"VCH30";"sample";"sample";0,154471544715447;0
"CP17";NA;NA;NA;NA;NA;NA;"CP17";NA;NA;NA;NA;NA;NA;NA;NA;NA;NA;NA;NA;NA;NA;NA;NA;NA;"CP17";"sample";"sample";0,999331408600517;0,0289870863981339
"CP18";NA;NA;NA;NA;NA;NA;"CP18";NA;NA;NA;NA;NA;NA;NA;NA;NA;NA;NA;NA;NA;NA;NA;NA;NA;"CP18";"sample";"sample";0,998924391015501;0,0263366819749933
"CP19";NA;NA;NA;NA;NA;NA;"CP19";NA;NA;NA;NA;NA;NA;NA;NA;NA;NA;NA;NA;NA;NA;NA;NA;NA;"CP19";"sample";"sample";1;0,0318567573041161
"CP20";NA;NA;NA;NA;NA;NA;"CP20";NA;NA;NA;NA;NA;NA;NA;NA;NA;NA;NA;NA;NA;NA;NA;NA;NA;"CP20";"sample";"sample";0,998872889543175;0,0166916344511781
"CP21";NA;NA;NA;NA;NA;NA;"CP21";NA;NA;NA;NA;NA;NA;NA;NA;NA;NA;NA;NA;NA;NA;NA;NA;NA;"CP21";"sample";"sample";1;0,0370581843310251
"CP22";NA;NA;NA;NA;NA;NA;"CP22";NA;NA;NA;NA;NA;NA;NA;NA;NA;NA;NA;NA;NA;NA;NA;NA;NA;"CP22";"sample";"sample";1;0,029098818462048
"CP23";NA;NA;NA;NA;NA;NA;"CP23";NA;NA;NA;NA;NA;NA;NA;NA;NA;NA;NA;NA;NA;NA;NA;NA;NA;"CP23";"sample";"sample";0,999059876162998;0,0331280040083621
"CP24";NA;NA;NA;NA;NA;NA;"CP24";NA;NA;NA;NA;NA;NA;NA;NA;NA;NA;NA;NA;NA;NA;NA;NA;NA;"CP24";"sample";"sample";0,998898981557941;0,0419127938438871
